<prova>
	<item>
		<name>indirizzo</name>
		<label>Indirizzo</label>
		<placeholder>eventuale placeholder</placeholder>
		<value>eventuale valore</value>
		<tipo>text</tipo>
		<fisso>1</fisso>
		<visibile>1</visibile>
	</item>
	<item>
		<name>cognome</name>
		<label>Cognome</label>
		<placeholder>eventuale placeholder</placeholder>
		<value>eventuale valore</value>
		<tipo>text</tipo>
		<fisso>1</fisso>
		<visibile>1</visibile>
	</item>
	<item>
		<name>conferma</name>
		<label>Conferma partenza</label>
		<placeholder>eventuale placeholder</placeholder>
		<value>conferma</value>
		<tipo>checkbox</tipo>
		<fisso>0</fisso>
		<visibile>1</visibile>
	</item>
	<item>
		<name>data_nascita</name>
		<label>Data Nascita</label>
		<placeholder>22/01/1998</placeholder>
		<value>eventuale valore</value>
		<tipo>data</tipo>
		<fisso>0</fisso>
		<visibile>1</visibile>
	</item>
</prova>